time,price,sentiment
2015-07-20 00:00:00-04:00,41.46,-1
2015-07-21 00:00:00-04:00,41.08,-1
2015-07-22 00:00:00-04:00,39.35,0
2015-07-23 00:00:00-04:00,38.74,0
2015-07-24 00:00:00-04:00,37.71,0
2015-07-27 00:00:00-04:00,36.78,0
2015-07-28 00:00:00-04:00,37.19,0
2015-07-29 00:00:00-04:00,38.03,0
2015-07-30 00:00:00-04:00,38.04,0
2015-07-31 00:00:00-04:00,39.14,0
2015-08-03 00:00:00-04:00,39.25,0
2015-08-04 00:00:00-04:00,39.91,0
2015-08-05 00:00:00-04:00,39.7,0
2015-08-06 00:00:00-04:00,39.63,0
2015-08-07 00:00:00-04:00,39.04,0
2015-08-10 00:00:00-04:00,39.43,0
2015-08-11 00:00:00-04:00,38.93,0
2015-08-12 00:00:00-04:00,38.55,0
2015-08-13 00:00:00-04:00,38.4,0
2015-08-14 00:00:00-04:00,37.49,0
2015-08-17 00:00:00-04:00,38.3,0
2015-08-18 00:00:00-04:00,39.0,-1
2015-08-19 00:00:00-04:00,37.87,-1
2015-08-20 00:00:00-04:00,36.85,0
2015-08-21 00:00:00-04:00,35.57,0
2015-08-24 00:00:00-04:00,31.17,1
2015-08-25 00:00:00-04:00,35.44,0
2015-08-26 00:00:00-04:00,33.7,0
2015-08-27 00:00:00-04:00,34.0,0
2015-08-28 00:00:00-04:00,34.51,0
2015-08-31 00:00:00-04:00,35.49,0
2015-09-01 00:00:00-04:00,34.24,0
2015-09-02 00:00:00-04:00,34.6,0
2015-09-03 00:00:00-04:00,35.01,0
2015-09-04 00:00:00-04:00,34.71,0
2015-09-08 00:00:00-04:00,34.81,0
2015-09-09 00:00:00-04:00,34.92,0
2015-09-10 00:00:00-04:00,34.23,0
2015-09-11 00:00:00-04:00,33.27,0
2015-09-14 00:00:00-04:00,33.7,0
2015-09-15 00:00:00-04:00,33.72,0
2015-09-16 00:00:00-04:00,33.46,0
2015-09-17 00:00:00-04:00,33.72,0
2015-09-18 00:00:00-04:00,32.9,0
2015-09-21 00:00:00-04:00,33.66,0
2015-09-22 00:00:00-04:00,33.94,0
2015-09-23 00:00:00-04:00,33.49,0
2015-09-24 00:00:00-04:00,34.0,0
2015-09-25 00:00:00-04:00,34.6,0
2015-09-28 00:00:00-04:00,33.68,-1
2015-09-29 00:00:00-04:00,32.27,0
2015-09-30 00:00:00-04:00,31.2,0
2015-10-01 00:00:00-04:00,30.82,0
2015-10-02 00:00:00-04:00,30.82,0
2015-10-05 00:00:00-04:00,32.95,0
2015-10-06 00:00:00-04:00,32.91,0
2015-10-07 00:00:00-04:00,32.31,0
2015-10-08 00:00:00-04:00,32.44,0
2015-10-09 00:00:00-04:00,31.69,0
2015-10-12 00:00:00-04:00,32.19,0
2015-10-13 00:00:00-04:00,32.6,1
2015-10-14 00:00:00-04:00,33.4,0
2015-10-15 00:00:00-04:00,34.45,0
2015-10-16 00:00:00-04:00,34.75,0
2015-10-19 00:00:00-04:00,34.43,0
2015-10-20 00:00:00-04:00,34.8,0
2015-10-21 00:00:00-04:00,34.75,0
2015-10-22 00:00:00-04:00,34.43,0
2015-10-23 00:00:00-04:00,35.73,0
2015-10-26 00:00:00-04:00,36.05,0
2015-10-27 00:00:00-04:00,36.39,0
2015-10-28 00:00:00-04:00,36.21,0
2015-10-29 00:00:00-04:00,34.73,0
2015-10-30 00:00:00-04:00,35.64,0
2015-11-02 00:00:00-05:00,35.58,1
2015-11-03 00:00:00-05:00,37.05,0
2015-11-04 00:00:00-05:00,38.45,0
2015-11-05 00:00:00-05:00,37.82,0
2015-11-06 00:00:00-05:00,36.59,0
2015-11-09 00:00:00-05:00,36.1,0
2015-11-10 00:00:00-05:00,36.58,0
2015-11-11 00:00:00-05:00,37.19,-1
2015-11-12 00:00:00-05:00,35.945,0
2015-11-13 00:00:00-05:00,35.18,0
2015-11-16 00:00:00-05:00,34.55,1
2015-11-17 00:00:00-05:00,35.89,0
2015-11-18 00:00:00-05:00,36.32,0
2015-11-19 00:00:00-05:00,36.45,0
2015-11-20 00:00:00-05:00,36.45,0
2015-11-23 00:00:00-05:00,36.5,0
2015-11-24 00:00:00-05:00,35.25,0
2015-11-25 00:00:00-05:00,35.2,0
2015-11-27 00:00:00-05:00,35.52,0
2015-11-30 00:00:00-05:00,35.36,0
2015-12-01 00:00:00-05:00,35.41,0
2015-12-02 00:00:00-05:00,35.23,0
2015-12-03 00:00:00-05:00,35.2,0
2015-12-04 00:00:00-05:00,34.38,0
2015-12-07 00:00:00-05:00,35.71,0
2015-12-08 00:00:00-05:00,34.63,0
2015-12-09 00:00:00-05:00,35.39,0
2015-12-10 00:00:00-05:00,35.16,0
2015-12-11 00:00:00-05:00,35.15,0
2015-12-14 00:00:00-05:00,34.61,0
2015-12-15 00:00:00-05:00,35.19,0
2015-12-16 00:00:00-05:00,36.12,0
2015-12-17 00:00:00-05:00,36.0,0
2015-12-18 00:00:00-05:00,35.35,0
2015-12-21 00:00:00-05:00,35.21,0
2015-12-22 00:00:00-05:00,36.12,0
2015-12-23 00:00:00-05:00,36.79,0
2015-12-24 00:00:00-05:00,37.01,0
2015-12-28 00:00:00-05:00,36.7,0
2015-12-29 00:00:00-05:00,36.92,0
2015-12-30 00:00:00-05:00,37.07,0
2015-12-31 00:00:00-05:00,36.3,0
2016-01-04 00:00:00-05:00,35.13,0
2016-01-05 00:00:00-05:00,34.98,-1
2016-01-06 00:00:00-05:00,33.7,0
2016-01-07 00:00:00-05:00,33.15,0
2016-01-08 00:00:00-05:00,33.46,0
2016-01-11 00:00:00-05:00,33.02,0
2016-01-12 00:00:00-05:00,33.35,0
2016-01-13 00:00:00-05:00,33.28,0
2016-01-14 00:00:00-05:00,32.15,0
2016-01-15 00:00:00-05:00,31.62,0
2016-01-19 00:00:00-05:00,32.76,0
2016-01-20 00:00:00-05:00,31.43,0
2016-01-21 00:00:00-05:00,31.61,0
2016-01-22 00:00:00-05:00,31.65,0
2016-01-25 00:00:00-05:00,31.98,0
2016-01-26 00:00:00-05:00,31.49,1
2016-01-27 00:00:00-05:00,31.96,1
2016-01-28 00:00:00-05:00,33.63,0
2016-01-29 00:00:00-05:00,34.49,0
2016-02-01 00:00:00-05:00,35.65,0
2016-02-02 00:00:00-05:00,36.53,0
2016-02-03 00:00:00-05:00,36.87,0
2016-02-04 00:00:00-05:00,36.66,0
2016-02-05 00:00:00-05:00,37.16,0
2016-02-08 00:00:00-05:00,34.0,0
2016-02-09 00:00:00-05:00,32.8,0
2016-02-10 00:00:00-05:00,33.62,0
2016-02-11 00:00:00-05:00,32.12,1
2016-02-12 00:00:00-05:00,33.97,0
2016-02-16 00:00:00-05:00,34.65,1
2016-02-17 00:00:00-05:00,35.98,0
2016-02-18 00:00:00-05:00,36.41,0
2016-02-19 00:00:00-05:00,36.0,0
2016-02-22 00:00:00-05:00,36.45,0
2016-02-23 00:00:00-05:00,35.72,0
2016-02-24 00:00:00-05:00,35.22,0
2016-02-25 00:00:00-05:00,36.67,0
2016-02-26 00:00:00-05:00,36.73,0
2016-02-29 00:00:00-05:00,37.47,0
2016-03-01 00:00:00-05:00,38.52,0
2016-03-02 00:00:00-05:00,39.2,0
2016-03-03 00:00:00-05:00,38.96,0
2016-03-04 00:00:00-05:00,38.77,0
2016-03-07 00:00:00-05:00,38.78,0
2016-03-08 00:00:00-05:00,38.69,0
2016-03-09 00:00:00-05:00,38.48,0
2016-03-10 00:00:00-05:00,38.66,0
2016-03-11 00:00:00-05:00,39.0,0
2016-03-14 00:00:00-04:00,39.4,0
2016-03-15 00:00:00-04:00,39.05,0
2016-03-16 00:00:00-04:00,39.09,0
2016-03-17 00:00:00-04:00,39.85,0
2016-03-18 00:00:00-04:00,39.86,0
2016-03-21 00:00:00-04:00,39.41,0
2016-03-22 00:00:00-04:00,40.67,0
2016-03-23 00:00:00-04:00,41.06,0
2016-03-24 00:00:00-04:00,39.4,0
2016-03-28 00:00:00-04:00,38.81,0
2016-03-29 00:00:00-04:00,38.74,0
2016-03-30 00:00:00-04:00,39.94,0
2016-03-31 00:00:00-04:00,38.74,0
2016-04-01 00:00:00-04:00,38.51,0
2016-04-04 00:00:00-04:00,39.36,0
2016-04-05 00:00:00-04:00,38.35,0
2016-04-06 00:00:00-04:00,38.45,0
2016-04-07 00:00:00-04:00,38.85,0
2016-04-08 00:00:00-04:00,38.61,0
2016-04-11 00:00:00-04:00,38.33,0
2016-04-12 00:00:00-04:00,38.32,0
2016-04-13 00:00:00-04:00,38.25,0
2016-04-14 00:00:00-04:00,38.94,0
2016-04-15 00:00:00-04:00,38.69,0
2016-04-18 00:00:00-04:00,38.56,0
2016-04-19 00:00:00-04:00,39.75,0
2016-04-20 00:00:00-04:00,39.24,0
2016-04-21 00:00:00-04:00,40.2,0
2016-04-22 00:00:00-04:00,39.72,0
2016-04-25 00:00:00-04:00,40.27,0
2016-04-26 00:00:00-04:00,39.57,0
2016-04-27 00:00:00-04:00,39.68,0
2016-04-28 00:00:00-04:00,41.0,0
2016-04-29 00:00:00-04:00,39.71,0
2016-05-02 00:00:00-04:00,39.07,0
2016-05-03 00:00:00-04:00,38.63,0
2016-05-04 00:00:00-04:00,38.07,0
2016-05-05 00:00:00-04:00,38.38,0
2016-05-06 00:00:00-04:00,38.71,0
2016-05-09 00:00:00-04:00,39.42,0
2016-05-10 00:00:00-04:00,39.62,0
2016-05-11 00:00:00-04:00,39.57,0
2016-05-12 00:00:00-04:00,39.85,0
2016-05-13 00:00:00-04:00,39.54,0
2016-05-16 00:00:00-04:00,39.36,0
2016-05-17 00:00:00-04:00,39.1,0
2016-05-18 00:00:00-04:00,39.18,0
2016-05-19 00:00:00-04:00,38.81,0
2016-05-20 00:00:00-04:00,37.79,0
2016-05-23 00:00:00-04:00,37.68,0
2016-05-24 00:00:00-04:00,38.28,0
2016-05-25 00:00:00-04:00,38.87,0
2016-05-26 00:00:00-04:00,38.71,0
2016-05-27 00:00:00-04:00,38.0,0
2016-05-31 00:00:00-04:00,37.96,0
2016-06-01 00:00:00-04:00,37.81,0
2016-06-02 00:00:00-04:00,38.42,0
2016-06-03 00:00:00-04:00,38.44,0
2016-06-06 00:00:00-04:00,38.47,0
2016-06-07 00:00:00-04:00,38.07,0
2016-06-08 00:00:00-04:00,37.53,0
2016-06-09 00:00:00-04:00,37.48,0
2016-06-10 00:00:00-04:00,36.83,0
2016-06-13 00:00:00-04:00,36.5,0
2016-06-14 00:00:00-04:00,36.37,0
2016-06-15 00:00:00-04:00,37.16,0
2016-06-16 00:00:00-04:00,36.62,0
2016-06-17 00:00:00-04:00,37.03,0
2016-06-20 00:00:00-04:00,37.28,0
2016-06-21 00:00:00-04:00,36.8,0
2016-06-22 00:00:00-04:00,36.28,0
2016-06-23 00:00:00-04:00,36.27,0
2016-06-24 00:00:00-04:00,35.0,0
2016-06-27 00:00:00-04:00,34.74,0
2016-06-28 00:00:00-04:00,34.46,0
2016-06-29 00:00:00-04:00,35.69,0
2016-06-30 00:00:00-04:00,35.81,0
2016-07-01 00:00:00-04:00,36.6,0
2016-07-05 00:00:00-04:00,36.3,0
2016-07-06 00:00:00-04:00,35.94,0
2016-07-07 00:00:00-04:00,35.92,0
2016-07-08 00:00:00-04:00,36.78,0
2016-07-11 00:00:00-04:00,37.45,0
2016-07-12 00:00:00-04:00,38.47,0
2016-07-13 00:00:00-04:00,38.84,0
2016-07-14 00:00:00-04:00,39.69,0
2016-07-15 00:00:00-04:00,40.02,0
2016-07-18 00:00:00-04:00,39.13,0
2016-07-19 00:00:00-04:00,38.97,0
2016-07-20 00:00:00-04:00,39.44,-1
2016-07-21 00:00:00-04:00,40.33,-1
2016-07-22 00:00:00-04:00,37.3,0
2016-07-25 00:00:00-04:00,37.7,0
2016-07-26 00:00:00-04:00,37.78,0
2016-07-27 00:00:00-04:00,37.64,0
2016-07-28 00:00:00-04:00,37.4,0
2016-07-29 00:00:00-04:00,37.41,0
2016-08-01 00:00:00-04:00,37.43,0
2016-08-02 00:00:00-04:00,37.06,0
2016-08-03 00:00:00-04:00,36.59,0
2016-08-04 00:00:00-04:00,36.82,0
2016-08-05 00:00:00-04:00,37.55,0
2016-08-08 00:00:00-04:00,38.19,0
2016-08-09 00:00:00-04:00,38.03,0
2016-08-10 00:00:00-04:00,38.02,0
2016-08-11 00:00:00-04:00,38.19,0
2016-08-12 00:00:00-04:00,38.3,0
2016-08-15 00:00:00-04:00,38.55,0
2016-08-16 00:00:00-04:00,38.4,0
2016-08-17 00:00:00-04:00,38.41,0
2016-08-18 00:00:00-04:00,38.07,0
2016-08-19 00:00:00-04:00,38.02,0
2016-08-22 00:00:00-04:00,37.93,0
2016-08-23 00:00:00-04:00,38.42,0
2016-08-24 00:00:00-04:00,37.81,0
2016-08-25 00:00:00-04:00,37.5,0
2016-08-26 00:00:00-04:00,37.72,0
2016-08-29 00:00:00-04:00,37.61,0
2016-08-30 00:00:00-04:00,37.26,0
2016-08-31 00:00:00-04:00,37.0,0
2016-09-01 00:00:00-04:00,37.27,0
2016-09-02 00:00:00-04:00,37.01,0
2016-09-06 00:00:00-04:00,37.05,0
2016-09-07 00:00:00-04:00,37.33,0
2016-09-08 00:00:00-04:00,38.65,0
2016-09-09 00:00:00-04:00,38.75,0
2016-09-12 00:00:00-04:00,37.65,1
2016-09-13 00:00:00-04:00,38.62,0
2016-09-14 00:00:00-04:00,39.99,0
2016-09-15 00:00:00-04:00,40.31,0
2016-09-16 00:00:00-04:00,40.71,0
2016-09-19 00:00:00-04:00,40.24,0
2016-09-20 00:00:00-04:00,40.3,0
2016-09-21 00:00:00-04:00,39.86,0
2016-09-22 00:00:00-04:00,40.42,0
2016-09-23 00:00:00-04:00,39.6,0
2016-09-26 00:00:00-04:00,39.38,0
2016-09-27 00:00:00-04:00,40.04,0
2016-09-28 00:00:00-04:00,41.15,0
2016-09-29 00:00:00-04:00,40.91,0
2016-09-30 00:00:00-04:00,40.29,0
2016-10-03 00:00:00-04:00,40.87,0
2016-10-04 00:00:00-04:00,41.3,0
2016-10-05 00:00:00-04:00,40.95,0
2016-10-06 00:00:00-04:00,40.32,0
2016-10-07 00:00:00-04:00,40.42,0
2016-10-10 00:00:00-04:00,40.13,0
2016-10-11 00:00:00-04:00,40.03,0
2016-10-12 00:00:00-04:00,39.77,0
2016-10-13 00:00:00-04:00,39.39,0
2016-10-14 00:00:00-04:00,39.46,0
2016-10-17 00:00:00-04:00,39.24,0
2016-10-18 00:00:00-04:00,40.0,0
2016-10-19 00:00:00-04:00,39.97,0
2016-10-20 00:00:00-04:00,40.23,0
2016-10-21 00:00:00-04:00,41.85,0
2016-10-24 00:00:00-04:00,44.0,0
2016-10-25 00:00:00-04:00,43.66,0
2016-10-26 00:00:00-04:00,43.0,0
2016-10-27 00:00:00-04:00,42.55,0
2016-10-28 00:00:00-04:00,41.98,0
2016-10-31 00:00:00-04:00,41.78,0
2016-11-01 00:00:00-04:00,41.68,0
2016-11-02 00:00:00-04:00,41.43,0
2016-11-03 00:00:00-04:00,41.32,0
2016-11-04 00:00:00-04:00,40.3,0
2016-11-07 00:00:00-05:00,41.52,0
2016-11-08 00:00:00-05:00,41.42,0
2016-11-09 00:00:00-05:00,40.6,0
2016-11-10 00:00:00-05:00,41.9,0
2016-11-11 00:00:00-05:00,40.77,0
2016-11-14 00:00:00-05:00,40.4,0
2016-11-15 00:00:00-05:00,39.04,0
2016-11-16 00:00:00-05:00,39.05,0
2016-11-17 00:00:00-05:00,39.12,0
2016-11-18 00:00:00-05:00,40.08,0
2016-11-21 00:00:00-05:00,40.12,0
2016-11-22 00:00:00-05:00,40.99,0
2016-11-23 00:00:00-05:00,40.31,0
2016-11-25 00:00:00-05:00,40.4,0
2016-11-28 00:00:00-05:00,40.26,0
2016-11-29 00:00:00-05:00,40.07,0
2016-11-30 00:00:00-05:00,40.1,0
2016-12-01 00:00:00-05:00,39.56,0
2016-12-02 00:00:00-05:00,38.34,0
2016-12-05 00:00:00-05:00,38.85,0
2016-12-06 00:00:00-05:00,39.23,0
2016-12-07 00:00:00-05:00,39.08,0
2016-12-08 00:00:00-05:00,39.68,0
2016-12-09 00:00:00-05:00,39.7,0
2016-12-12 00:00:00-05:00,39.6,0
2016-12-13 00:00:00-05:00,39.55,0
2016-12-14 00:00:00-05:00,39.46,0
2016-12-15 00:00:00-05:00,39.8,0
2016-12-16 00:00:00-05:00,39.9,0
2016-12-19 00:00:00-05:00,39.4,0
2016-12-20 00:00:00-05:00,39.61,0
2016-12-21 00:00:00-05:00,39.84,0
2016-12-22 00:00:00-05:00,40.04,0
2016-12-23 00:00:00-05:00,39.82,0
2016-12-27 00:00:00-05:00,39.5,0
2016-12-28 00:00:00-05:00,39.76,0
2016-12-29 00:00:00-05:00,39.54,0
2016-12-30 00:00:00-05:00,39.96,0
2017-01-03 00:00:00-05:00,40.29,0
2017-01-04 00:00:00-05:00,40.35,0
2017-01-05 00:00:00-05:00,41.43,0
2017-01-06 00:00:00-05:00,41.24,0
2017-01-09 00:00:00-05:00,41.49,0
2017-01-10 00:00:00-05:00,41.4,0
2017-01-11 00:00:00-05:00,41.23,0
2017-01-12 00:00:00-05:00,41.28,0
2017-01-13 00:00:00-05:00,41.65,0
2017-01-17 00:00:00-05:00,41.6,0
2017-01-18 00:00:00-05:00,41.41,0
2017-01-19 00:00:00-05:00,41.25,0
2017-01-20 00:00:00-05:00,41.39,0
2017-01-23 00:00:00-05:00,41.86,0
2017-01-24 00:00:00-05:00,41.95,0
2017-01-25 00:00:00-05:00,42.36,0
2017-01-26 00:00:00-05:00,42.36,0
2017-01-27 00:00:00-05:00,41.0,0
2017-01-30 00:00:00-05:00,40.17,0
2017-01-31 00:00:00-05:00,39.7,0
2017-02-01 00:00:00-05:00,39.96,0
2017-02-02 00:00:00-05:00,39.4,0
2017-02-03 00:00:00-05:00,39.79,0
2017-02-06 00:00:00-05:00,39.64,0
2017-02-07 00:00:00-05:00,40.01,0
2017-02-08 00:00:00-05:00,40.18,0
2017-02-09 00:00:00-05:00,40.44,0
2017-02-10 00:00:00-05:00,40.82,0
2017-02-13 00:00:00-05:00,40.83,0
2017-02-14 00:00:00-05:00,41.18,0
2017-02-15 00:00:00-05:00,41.69,0
2017-02-16 00:00:00-05:00,41.87,0
2017-02-17 00:00:00-05:00,41.92,0
2017-02-21 00:00:00-05:00,41.93,0
2017-02-22 00:00:00-05:00,42.3,0
2017-02-23 00:00:00-05:00,42.37,0
2017-02-24 00:00:00-05:00,42.11,0
2017-02-27 00:00:00-05:00,42.89,0
2017-02-28 00:00:00-05:00,42.49,0
2017-03-01 00:00:00-05:00,42.31,0
2017-03-02 00:00:00-05:00,42.4,0
2017-03-03 00:00:00-05:00,42.7,0
2017-03-06 00:00:00-05:00,42.98,0
2017-03-07 00:00:00-05:00,42.8,0
2017-03-08 00:00:00-05:00,42.84,0
2017-03-09 00:00:00-05:00,42.66,0
2017-03-10 00:00:00-05:00,43.19,0
2017-03-13 00:00:00-04:00,42.87,0
2017-03-14 00:00:00-04:00,42.51,0
2017-03-15 00:00:00-04:00,42.29,0
2017-03-16 00:00:00-04:00,42.5,0
2017-03-17 00:00:00-04:00,42.57,0
2017-03-20 00:00:00-04:00,43.1,0
2017-03-21 00:00:00-04:00,43.33,0
2017-03-22 00:00:00-04:00,42.595,0
2017-03-23 00:00:00-04:00,43.13,0
2017-03-24 00:00:00-04:00,43.48,0
2017-03-27 00:00:00-04:00,42.69,0
2017-03-28 00:00:00-04:00,42.87,0
2017-03-29 00:00:00-04:00,43.15,0
2017-03-30 00:00:00-04:00,43.15,0
2017-03-31 00:00:00-04:00,43.44,0
2017-04-03 00:00:00-04:00,43.2,0
2017-04-04 00:00:00-04:00,42.74,0
2017-04-05 00:00:00-04:00,42.83,0
2017-04-06 00:00:00-04:00,42.9,0
2017-04-07 00:00:00-04:00,42.89,0
2017-04-10 00:00:00-04:00,43.07,0
2017-04-11 00:00:00-04:00,42.99,0
2017-04-12 00:00:00-04:00,42.1,0
2017-04-13 00:00:00-04:00,42.5,0
2017-04-17 00:00:00-04:00,42.6,0
2017-04-18 00:00:00-04:00,43.2,0
2017-04-19 00:00:00-04:00,43.03,0
2017-04-20 00:00:00-04:00,43.32,0
2017-04-21 00:00:00-04:00,43.86,0
2017-04-24 00:00:00-04:00,44.09,0
2017-04-25 00:00:00-04:00,44.49,1
2017-04-26 00:00:00-04:00,45.04,0
2017-04-27 00:00:00-04:00,47.25,0
2017-04-28 00:00:00-04:00,47.03,0
2017-05-01 00:00:00-04:00,47.39,0
2017-05-02 00:00:00-04:00,47.41,0
2017-05-03 00:00:00-04:00,49.16,0
2017-05-04 00:00:00-04:00,48.93,0
2017-05-05 00:00:00-04:00,48.62,0
2017-05-08 00:00:00-04:00,49.43,0
2017-05-09 00:00:00-04:00,49.06,0
2017-05-10 00:00:00-04:00,49.18,0
2017-05-11 00:00:00-04:00,49.63,0
2017-05-12 00:00:00-04:00,49.58,0
2017-05-15 00:00:00-04:00,49.31,0
2017-05-16 00:00:00-04:00,49.63,0
2017-05-17 00:00:00-04:00,49.87,0
2017-05-18 00:00:00-04:00,49.03,0
2017-05-19 00:00:00-04:00,49.15,0
2017-05-22 00:00:00-04:00,49.45,0
2017-05-23 00:00:00-04:00,49.9,0
2017-05-24 00:00:00-04:00,50.23,0
2017-05-25 00:00:00-04:00,50.77,0
2017-05-26 00:00:00-04:00,51.04,0
2017-05-30 00:00:00-04:00,50.96,0
2017-05-31 00:00:00-04:00,51.13,0
2017-06-01 00:00:00-04:00,52.48,0
2017-06-02 00:00:00-04:00,53.44,0
2017-06-05 00:00:00-04:00,53.77,0
2017-06-06 00:00:00-04:00,53.75,0
2017-06-07 00:00:00-04:00,53.3,0
2017-06-08 00:00:00-04:00,54.03,0
2017-06-09 00:00:00-04:00,54.65,0
2017-06-12 00:00:00-04:00,52.81,0
2017-06-13 00:00:00-04:00,52.29,0
2017-06-14 00:00:00-04:00,52.0,0
2017-06-15 00:00:00-04:00,51.44,0
2017-06-16 00:00:00-04:00,52.04,0
2017-06-19 00:00:00-04:00,52.28,0
2017-06-20 00:00:00-04:00,52.84,0
2017-06-21 00:00:00-04:00,52.99,0
2017-06-22 00:00:00-04:00,53.71,0
2017-06-23 00:00:00-04:00,53.82,0
2017-06-26 00:00:00-04:00,54.44,0
2017-06-27 00:00:00-04:00,53.6,0
2017-06-28 00:00:00-04:00,52.75,0
2017-06-29 00:00:00-04:00,53.81,0
2017-06-30 00:00:00-04:00,53.6,0
2017-07-03 00:00:00-04:00,54.14,0
2017-07-05 00:00:00-04:00,53.0,0
2017-07-06 00:00:00-04:00,54.22,0
2017-07-07 00:00:00-04:00,53.7,0
2017-07-10 00:00:00-04:00,54.91,0
2017-07-11 00:00:00-04:00,54.92,0
2017-07-12 00:00:00-04:00,56.6,0
2017-07-13 00:00:00-04:00,57.3,0
2017-07-14 00:00:00-04:00,58.14,0
2017-07-17 00:00:00-04:00,57.53,0
2017-07-18 00:00:00-04:00,57.5,0
2017-07-19 00:00:00-04:00,58.31,0
2017-07-20 00:00:00-04:00,58.75,0
2017-07-21 00:00:00-04:00,59.0,0
2017-07-24 00:00:00-04:00,58.9,0
2017-07-25 00:00:00-04:00,58.73,0
2017-07-26 00:00:00-04:00,58.48,0
2017-07-27 00:00:00-04:00,61.0,0
2017-07-28 00:00:00-04:00,59.8,0
2017-07-31 00:00:00-04:00,59.37,0
2017-08-01 00:00:00-04:00,59.0,0
2017-08-02 00:00:00-04:00,59.67,0
2017-08-03 00:00:00-04:00,59.16,0
2017-08-04 00:00:00-04:00,58.62,0
2017-08-07 00:00:00-04:00,59.18,0
2017-08-08 00:00:00-04:00,59.61,0
2017-08-09 00:00:00-04:00,58.97,0
2017-08-10 00:00:00-04:00,59.24,0
2017-08-11 00:00:00-04:00,57.85,0
2017-08-14 00:00:00-04:00,58.61,0
2017-08-15 00:00:00-04:00,59.3,0
2017-08-16 00:00:00-04:00,59.95,0
2017-08-17 00:00:00-04:00,60.15,0
2017-08-18 00:00:00-04:00,59.36,0
2017-08-21 00:00:00-04:00,59.33,0
2017-08-22 00:00:00-04:00,59.72,0
2017-08-23 00:00:00-04:00,60.3,0
2017-08-24 00:00:00-04:00,60.22,0
2017-08-25 00:00:00-04:00,60.33,0
2017-08-28 00:00:00-04:00,60.31,0
2017-08-29 00:00:00-04:00,59.82,0
2017-08-30 00:00:00-04:00,61.05,0
2017-08-31 00:00:00-04:00,62.0,0
2017-09-01 00:00:00-04:00,61.98,0
2017-09-05 00:00:00-04:00,61.26,0
2017-09-06 00:00:00-04:00,61.74,0
2017-09-07 00:00:00-04:00,61.33,0
2017-09-08 00:00:00-04:00,61.94,0
2017-09-11 00:00:00-04:00,61.73,0
2017-09-12 00:00:00-04:00,62.95,0
2017-09-13 00:00:00-04:00,62.47,0
2017-09-14 00:00:00-04:00,62.04,0
2017-09-15 00:00:00-04:00,62.27,0
2017-09-18 00:00:00-04:00,62.62,0
2017-09-19 00:00:00-04:00,63.01,0
2017-09-20 00:00:00-04:00,63.99,0
2017-09-21 00:00:00-04:00,64.67,0
2017-09-22 00:00:00-04:00,64.33,0
2017-09-25 00:00:00-04:00,65.0,0
2017-09-26 00:00:00-04:00,63.71,0
2017-09-27 00:00:00-04:00,63.41,0
2017-09-28 00:00:00-04:00,63.62,0
2017-09-29 00:00:00-04:00,63.86,0
2017-10-02 00:00:00-04:00,64.5,0
2017-10-03 00:00:00-04:00,64.51,0
2017-10-04 00:00:00-04:00,64.3,0
2017-10-05 00:00:00-04:00,64.38,0
2017-10-06 00:00:00-04:00,66.0,0
2017-10-09 00:00:00-04:00,66.2,0
2017-10-10 00:00:00-04:00,66.6,0
2017-10-11 00:00:00-04:00,67.25,0
2017-10-12 00:00:00-04:00,68.02,0
2017-10-13 00:00:00-04:00,69.49,0
2017-10-16 00:00:00-04:00,69.04,0
2017-10-17 00:00:00-04:00,67.65,0
2017-10-18 00:00:00-04:00,67.4,1
2017-10-19 00:00:00-04:00,67.3,1
2017-10-20 00:00:00-04:00,71.33,0
2017-10-23 00:00:00-04:00,71.02,0
2017-10-24 00:00:00-04:00,69.73,0
2017-10-25 00:00:00-04:00,69.94,0
2017-10-26 00:00:00-04:00,71.46,0
2017-10-27 00:00:00-04:00,71.72,0
2017-10-30 00:00:00-04:00,71.45,0
2017-10-31 00:00:00-04:00,71.34,0
2017-11-01 00:00:00-04:00,72.78,0
2017-11-02 00:00:00-04:00,72.46,0
2017-11-03 00:00:00-04:00,72.37,0
2017-11-06 00:00:00-05:00,73.72,0
2017-11-07 00:00:00-05:00,75.17,0
2017-11-08 00:00:00-05:00,74.0,0
2017-11-09 00:00:00-05:00,74.02,0
2017-11-10 00:00:00-05:00,73.77,0
2017-11-13 00:00:00-05:00,73.61,0
2017-11-14 00:00:00-05:00,74.1,0
2017-11-15 00:00:00-05:00,74.3,0
2017-11-16 00:00:00-05:00,75.5,0
2017-11-17 00:00:00-05:00,78.01,0
2017-11-20 00:00:00-05:00,76.6,0
2017-11-21 00:00:00-05:00,77.09,0
2017-11-22 00:00:00-05:00,77.9,0
2017-11-24 00:00:00-05:00,77.81,0
2017-11-27 00:00:00-05:00,78.63,0
2017-11-28 00:00:00-05:00,77.95,-1
2017-11-29 00:00:00-05:00,77.95,-1
2017-11-30 00:00:00-05:00,73.77,0
2017-12-01 00:00:00-05:00,75.22,0
2017-12-04 00:00:00-05:00,75.59,-1
2017-12-05 00:00:00-05:00,69.81,0
2017-12-06 00:00:00-05:00,70.89,1
2017-12-07 00:00:00-05:00,73.25,0
2017-12-08 00:00:00-05:00,74.71,0
2017-12-11 00:00:00-05:00,72.96,0
2017-12-12 00:00:00-05:00,73.45,0
2017-12-13 00:00:00-05:00,74.08,0
2017-12-14 00:00:00-05:00,74.5,0
2017-12-15 00:00:00-05:00,74.82,0
2017-12-18 00:00:00-05:00,76.3,0
2017-12-19 00:00:00-05:00,75.39,0
2017-12-20 00:00:00-05:00,74.64,0
2017-12-21 00:00:00-05:00,74.19,0
2017-12-22 00:00:00-05:00,73.8,0
2017-12-26 00:00:00-05:00,73.29,0
2017-12-27 00:00:00-05:00,74.25,0
2017-12-28 00:00:00-05:00,74.96,0
2017-12-29 00:00:00-05:00,73.92,0
2018-01-02 00:00:00-05:00,74.235,0
2018-01-03 00:00:00-05:00,74.3,0
2018-01-04 00:00:00-05:00,77.33,0
2018-01-05 00:00:00-05:00,77.11,0
2018-01-08 00:00:00-05:00,78.7,0
2018-01-09 00:00:00-05:00,80.1,0
2018-01-10 00:00:00-05:00,78.5,0
2018-01-11 00:00:00-05:00,79.45,0
2018-01-12 00:00:00-05:00,80.0,0
2018-01-16 00:00:00-05:00,80.95,0
2018-01-17 00:00:00-05:00,80.4,0
2018-01-18 00:00:00-05:00,82.43,0
2018-01-19 00:00:00-05:00,83.23,0
2018-01-22 00:00:00-05:00,84.0,0
2018-01-23 00:00:00-05:00,84.12,0
2018-01-24 00:00:00-05:00,84.52,0
2018-01-25 00:00:00-05:00,84.0,0
2018-01-26 00:00:00-05:00,84.46,0
2018-01-29 00:00:00-05:00,85.2,0
2018-01-30 00:00:00-05:00,83.0,0
2018-01-31 00:00:00-05:00,84.18,-1
2018-02-01 00:00:00-05:00,79.95,0
2018-02-02 00:00:00-05:00,78.1,0
2018-02-05 00:00:00-05:00,75.95,0
2018-02-06 00:00:00-05:00,72.63,0
2018-02-07 00:00:00-05:00,75.35,0
2018-02-08 00:00:00-05:00,75.63,0
2018-02-09 00:00:00-05:00,73.14,0
2018-02-12 00:00:00-05:00,75.49,0
2018-02-13 00:00:00-05:00,74.81,0
2018-02-14 00:00:00-05:00,74.18,1
2018-02-15 00:00:00-05:00,78.01,0
2018-02-16 00:00:00-05:00,78.2,0
2018-02-20 00:00:00-05:00,77.7,0
2018-02-21 00:00:00-05:00,77.2,0
2018-02-22 00:00:00-05:00,76.8,0
2018-02-23 00:00:00-05:00,78.26,0
2018-02-26 00:00:00-05:00,80.0,0
2018-02-27 00:00:00-05:00,79.11,0
2018-02-28 00:00:00-05:00,79.9,0
2018-03-01 00:00:00-05:00,79.6,0
2018-03-02 00:00:00-05:00,77.52,0
2018-03-05 00:00:00-05:00,78.07,0
2018-03-06 00:00:00-05:00,79.33,0
2018-03-07 00:00:00-05:00,78.65,0
2018-03-08 00:00:00-05:00,79.85,0
2018-03-09 00:00:00-05:00,80.26,0
2018-03-12 00:00:00-04:00,80.75,0
2018-03-13 00:00:00-04:00,80.69,0
2018-03-14 00:00:00-04:00,80.74,0
2018-03-15 00:00:00-04:00,83.75,0
2018-03-16 00:00:00-04:00,82.8,0
2018-03-19 00:00:00-04:00,80.89,0
2018-03-20 00:00:00-04:00,80.18,0
2018-03-21 00:00:00-04:00,80.94,0
2018-03-22 00:00:00-04:00,79.81,0
2018-03-23 00:00:00-04:00,78.5,0
2018-03-26 00:00:00-04:00,77.98,0
2018-03-27 00:00:00-04:00,79.59,-1
2018-03-28 00:00:00-04:00,75.7,0
2018-03-29 00:00:00-04:00,75.31,0
2018-04-02 00:00:00-04:00,75.23,0
2018-04-03 00:00:00-04:00,75.28,0
2018-04-04 00:00:00-04:00,73.0,0
2018-04-05 00:00:00-04:00,75.59,0
2018-04-06 00:00:00-04:00,75.52,0
2018-04-09 00:00:00-04:00,74.6,0
2018-04-10 00:00:00-04:00,76.51,0
2018-04-11 00:00:00-04:00,76.2,0
2018-04-12 00:00:00-04:00,76.8,0
2018-04-13 00:00:00-04:00,78.0,0
2018-04-16 00:00:00-04:00,77.88,0
2018-04-17 00:00:00-04:00,78.55,0
2018-04-18 00:00:00-04:00,80.1,0
2018-04-19 00:00:00-04:00,80.2,0
2018-04-20 00:00:00-04:00,79.22,0
2018-04-23 00:00:00-04:00,78.86,0
2018-04-24 00:00:00-04:00,78.9,0
2018-04-25 00:00:00-04:00,75.39,0
2018-04-26 00:00:00-04:00,76.32,0
2018-04-27 00:00:00-04:00,76.21,0
2018-04-30 00:00:00-04:00,74.0,0
2018-05-01 00:00:00-04:00,74.15,0
2018-05-02 00:00:00-04:00,75.0,0
2018-05-03 00:00:00-04:00,71.3,0
2018-05-04 00:00:00-04:00,73.19,0
2018-05-07 00:00:00-04:00,74.22,0
2018-05-08 00:00:00-04:00,74.62,0
2018-05-09 00:00:00-04:00,76.08,0
2018-05-10 00:00:00-04:00,77.39,0
2018-05-11 00:00:00-04:00,79.25,0
2018-05-14 00:00:00-04:00,79.14,0
2018-05-15 00:00:00-04:00,77.85,0
2018-05-16 00:00:00-04:00,77.5,0
2018-05-17 00:00:00-04:00,77.63,0
2018-05-18 00:00:00-04:00,79.9,0
2018-05-21 00:00:00-04:00,81.61,0
2018-05-22 00:00:00-04:00,81.39,0
2018-05-23 00:00:00-04:00,79.66,0
2018-05-24 00:00:00-04:00,80.91,0
2018-05-25 00:00:00-04:00,82.65,0
2018-05-29 00:00:00-04:00,80.71,0
2018-05-30 00:00:00-04:00,81.1613,0
2018-05-31 00:00:00-04:00,81.81,0
2018-06-01 00:00:00-04:00,82.5497,0
2018-06-04 00:00:00-04:00,83.23,0
2018-06-05 00:00:00-04:00,84.5,0
2018-06-06 00:00:00-04:00,85.05,0
2018-06-07 00:00:00-04:00,85.21,0
2018-06-08 00:00:00-04:00,83.23,0
2018-06-11 00:00:00-04:00,84.45,0
2018-06-12 00:00:00-04:00,83.93,0
2018-06-13 00:00:00-04:00,85.5,0
2018-06-14 00:00:00-04:00,85.5,0
2018-06-15 00:00:00-04:00,85.33,0
2018-06-18 00:00:00-04:00,84.84,0
2018-06-19 00:00:00-04:00,84.64,0
2018-06-20 00:00:00-04:00,84.86,0
2018-06-21 00:00:00-04:00,86.5,0
2018-06-22 00:00:00-04:00,86.32,0
2018-06-25 00:00:00-04:00,84.08,0
2018-06-26 00:00:00-04:00,82.68,0
2018-06-27 00:00:00-04:00,82.55,0
2018-06-28 00:00:00-04:00,80.39,0
2018-06-29 00:00:00-04:00,82.75,0
2018-07-02 00:00:00-04:00,82.75,0
2018-07-03 00:00:00-04:00,84.36,0
2018-07-05 00:00:00-04:00,83.64,0
2018-07-06 00:00:00-04:00,84.41,0
2018-07-09 00:00:00-04:00,86.6,0
2018-07-10 00:00:00-04:00,86.72,0
2018-07-11 00:00:00-04:00,85.47,0
2018-07-12 00:00:00-04:00,87.2,0
2018-07-13 00:00:00-04:00,89.0,0
2018-07-16 00:00:00-04:00,88.26,0
2018-07-17 00:00:00-04:00,87.25,0
2018-07-18 00:00:00-04:00,88.7,0
2018-07-19 00:00:00-04:00,88.0,0
2018-07-20 00:00:00-04:00,87.32,0
2018-07-23 00:00:00-04:00,87.14,0
2018-07-24 00:00:00-04:00,90.6,0
2018-07-25 00:00:00-04:00,91.13,0
2018-07-26 00:00:00-04:00,88.51,0
2018-07-27 00:00:00-04:00,89.5,0
2018-07-30 00:00:00-04:00,85.5,0
2018-07-31 00:00:00-04:00,82.51,0
2018-08-01 00:00:00-04:00,82.24,0
2018-08-02 00:00:00-04:00,82.95,0
2018-08-03 00:00:00-04:00,85.99,0
2018-08-06 00:00:00-04:00,85.19,0
2018-08-07 00:00:00-04:00,86.3,0
2018-08-08 00:00:00-04:00,86.23,0
2018-08-09 00:00:00-04:00,86.91,0
2018-08-10 00:00:00-04:00,86.55,0
2018-08-13 00:00:00-04:00,87.42,0
2018-08-14 00:00:00-04:00,87.37,0
2018-08-15 00:00:00-04:00,86.78,0
2018-08-16 00:00:00-04:00,85.85,0
2018-08-17 00:00:00-04:00,85.1,0
2018-08-20 00:00:00-04:00,85.74,0
2018-08-21 00:00:00-04:00,85.82,0
2018-08-22 00:00:00-04:00,86.0,0
2018-08-23 00:00:00-04:00,86.72,0
2018-08-24 00:00:00-04:00,87.95,0
2018-08-27 00:00:00-04:00,90.68,0
2018-08-28 00:00:00-04:00,90.1,0
2018-08-29 00:00:00-04:00,90.78,0
2018-08-30 00:00:00-04:00,92.29,0
2018-08-31 00:00:00-04:00,91.84,0
2018-09-04 00:00:00-04:00,91.94,0
2018-09-05 00:00:00-04:00,92.98,-1
2018-09-06 00:00:00-04:00,89.18,0
2018-09-07 00:00:00-04:00,88.13,0
2018-09-10 00:00:00-04:00,89.43,0
2018-09-11 00:00:00-04:00,89.83,0
2018-09-12 00:00:00-04:00,91.53,0
2018-09-13 00:00:00-04:00,92.6,0
2018-09-14 00:00:00-04:00,92.25,0
2018-09-17 00:00:00-04:00,90.66,0
2018-09-18 00:00:00-04:00,88.71,0
2018-09-19 00:00:00-04:00,90.1,0
2018-09-20 00:00:00-04:00,89.84,0
2018-09-21 00:00:00-04:00,91.05,0
2018-09-24 00:00:00-04:00,89.95,0
2018-09-25 00:00:00-04:00,89.62,0
2018-09-26 00:00:00-04:00,90.34,0
2018-09-27 00:00:00-04:00,90.61,0
2018-09-28 00:00:00-04:00,88.79,0
2018-10-01 00:00:00-04:00,88.13,0
2018-10-02 00:00:00-04:00,87.27,0
2018-10-03 00:00:00-04:00,87.4,0
2018-10-04 00:00:00-04:00,86.39,0
2018-10-05 00:00:00-04:00,84.21,0
2018-10-08 00:00:00-04:00,82.62,0
2018-10-09 00:00:00-04:00,80.65,0
2018-10-10 00:00:00-04:00,79.61,0
2018-10-11 00:00:00-04:00,76.81,0
2018-10-12 00:00:00-04:00,79.12,0
2018-10-15 00:00:00-04:00,78.88,0
2018-10-16 00:00:00-04:00,78.85,0
2018-10-17 00:00:00-04:00,81.19,0
2018-10-18 00:00:00-04:00,80.17,0
2018-10-19 00:00:00-04:00,83.75,0
2018-10-22 00:00:00-04:00,84.86,0
2018-10-23 00:00:00-04:00,83.2,0
2018-10-24 00:00:00-04:00,87.04,0
2018-10-25 00:00:00-04:00,84.24,0
2018-10-26 00:00:00-04:00,83.22,0
2018-10-29 00:00:00-04:00,84.74,-1
2018-10-30 00:00:00-04:00,80.33,0
2018-10-31 00:00:00-04:00,82.37,0
2018-11-01 00:00:00-04:00,84.18,0
2018-11-02 00:00:00-04:00,85.46,0
2018-11-05 00:00:00-05:00,83.33,0
2018-11-06 00:00:00-05:00,84.1,0
2018-11-07 00:00:00-05:00,85.86,0
2018-11-08 00:00:00-05:00,87.7,0
2018-11-09 00:00:00-05:00,88.45,0
2018-11-12 00:00:00-05:00,86.17,0
2018-11-13 00:00:00-05:00,84.12,0
2018-11-14 00:00:00-05:00,84.98,0
2018-11-15 00:00:00-05:00,83.79,0
2018-11-16 00:00:00-05:00,86.0,0
2018-11-19 00:00:00-05:00,84.77,-1
2018-11-20 00:00:00-05:00,77.0,0
2018-11-21 00:00:00-05:00,79.09,0
2018-11-23 00:00:00-05:00,78.09,0
2018-11-26 00:00:00-05:00,78.97,0
2018-11-27 00:00:00-05:00,81.0,1
2018-11-28 00:00:00-05:00,82.27,0
2018-11-29 00:00:00-05:00,85.37,0
2018-11-30 00:00:00-05:00,84.39,0
2018-12-03 00:00:00-05:00,87.29,0
2018-12-04 00:00:00-05:00,87.24,-1
2018-12-06 00:00:00-05:00,81.82,0
2018-12-07 00:00:00-05:00,84.96,0
2018-12-10 00:00:00-05:00,83.25,0
2018-12-11 00:00:00-05:00,86.01,0
2018-12-12 00:00:00-05:00,86.84,0
2018-12-13 00:00:00-05:00,87.73,0
2018-12-14 00:00:00-05:00,86.38,0
2018-12-17 00:00:00-05:00,85.69,0
2018-12-18 00:00:00-05:00,84.7,0
2018-12-19 00:00:00-05:00,85.63,0
2018-12-20 00:00:00-05:00,83.78,0
2018-12-21 00:00:00-05:00,82.81,0
2018-12-24 00:00:00-05:00,77.48,0
2018-12-26 00:00:00-05:00,77.7,1
2018-12-27 00:00:00-05:00,81.33,0
2018-12-28 00:00:00-05:00,85.0,0
2018-12-31 00:00:00-05:00,84.24,0
2019-01-02 00:00:00-05:00,82.38,0
2019-01-03 00:00:00-05:00,84.36,0
2019-01-04 00:00:00-05:00,83.71,0
2019-01-07 00:00:00-05:00,86.42,0
2019-01-08 00:00:00-05:00,88.11,0
2019-01-09 00:00:00-05:00,88.81,0
2019-01-10 00:00:00-05:00,89.1,0
2019-01-11 00:00:00-05:00,90.11,0
2019-01-14 00:00:00-05:00,89.96,0
2019-01-15 00:00:00-05:00,90.64,0
2019-01-16 00:00:00-05:00,91.72,0
2019-01-17 00:00:00-05:00,90.25,0
2019-01-18 00:00:00-05:00,91.35,0
2019-01-22 00:00:00-05:00,90.33,0
2019-01-23 00:00:00-05:00,90.74,0
2019-01-24 00:00:00-05:00,90.67,0
2019-01-25 00:00:00-05:00,93.05,0
2019-01-28 00:00:00-05:00,93.3,0
2019-01-29 00:00:00-05:00,92.33,0
2019-01-30 00:00:00-05:00,92.02,0
2019-01-31 00:00:00-05:00,89.02,0
2019-02-01 00:00:00-05:00,88.36,0
2019-02-04 00:00:00-05:00,89.88,0
2019-02-05 00:00:00-05:00,91.91,0
2019-02-06 00:00:00-05:00,90.8,0
2019-02-07 00:00:00-05:00,91.11,0
2019-02-08 00:00:00-05:00,90.02,0
2019-02-11 00:00:00-05:00,92.25,0
2019-02-12 00:00:00-05:00,93.44,0
2019-02-13 00:00:00-05:00,94.59,0
2019-02-14 00:00:00-05:00,93.65,0
2019-02-15 00:00:00-05:00,95.0,0
2019-02-19 00:00:00-05:00,94.45,0
2019-02-20 00:00:00-05:00,95.0,0
2019-02-21 00:00:00-05:00,94.72,0
2019-02-22 00:00:00-05:00,95.24,0
2019-02-25 00:00:00-05:00,96.07,0
2019-02-26 00:00:00-05:00,96.34,0
2019-02-27 00:00:00-05:00,96.11,0
2019-02-28 00:00:00-05:00,97.66,0
2019-03-01 00:00:00-05:00,98.92,0
2019-03-04 00:00:00-05:00,98.03,0
2019-03-05 00:00:00-05:00,96.65,0
2019-03-06 00:00:00-05:00,96.52,0
2019-03-07 00:00:00-05:00,96.17,0
2019-03-08 00:00:00-05:00,95.04,0
2019-03-11 00:00:00-04:00,96.01,0
2019-03-12 00:00:00-04:00,98.0,0
2019-03-13 00:00:00-04:00,98.2,0
2019-03-14 00:00:00-04:00,99.46,0
2019-03-15 00:00:00-04:00,99.4,0
2019-03-18 00:00:00-04:00,101.21,0
2019-03-19 00:00:00-04:00,100.6,0
2019-03-20 00:00:00-04:00,101.45,0
2019-03-21 00:00:00-04:00,102.15,0
2019-03-22 00:00:00-04:00,103.87,0
2019-03-25 00:00:00-04:00,100.94,0
2019-03-26 00:00:00-04:00,102.34,0
2019-03-27 00:00:00-04:00,103.2,0
2019-03-28 00:00:00-04:00,103.45,0
2019-03-29 00:00:00-04:00,104.52,0
2019-04-01 00:00:00-04:00,104.99,0
2019-04-02 00:00:00-04:00,105.76,0
2019-04-03 00:00:00-04:00,105.91,0
2019-04-04 00:00:00-04:00,104.7,0
2019-04-05 00:00:00-04:00,104.84,0
2019-04-08 00:00:00-04:00,105.66,0
2019-04-09 00:00:00-04:00,106.06,0
2019-04-10 00:00:00-04:00,107.15,0
2019-04-11 00:00:00-04:00,107.51,0
2019-04-12 00:00:00-04:00,107.03,0
2019-04-15 00:00:00-04:00,108.58,0
2019-04-16 00:00:00-04:00,108.8,0
2019-04-17 00:00:00-04:00,107.805,0
2019-04-18 00:00:00-04:00,108.36,0
2019-04-22 00:00:00-04:00,106.79,0
2019-04-23 00:00:00-04:00,107.1,0
2019-04-24 00:00:00-04:00,107.11,0
2019-04-25 00:00:00-04:00,108.52,0
2019-04-26 00:00:00-04:00,109.72,0
2019-04-29 00:00:00-04:00,110.7,0
2019-04-30 00:00:00-04:00,112.44,0
2019-05-01 00:00:00-04:00,113.21,0
2019-05-02 00:00:00-04:00,110.6,0
2019-05-03 00:00:00-04:00,110.57,0
2019-05-06 00:00:00-04:00,109.44,0
2019-05-07 00:00:00-04:00,110.17,0
2019-05-08 00:00:00-04:00,108.58,0
2019-05-09 00:00:00-04:00,108.1,0
2019-05-10 00:00:00-04:00,109.22,0
2019-05-13 00:00:00-04:00,107.6,0
2019-05-14 00:00:00-04:00,107.56,0
2019-05-15 00:00:00-04:00,108.59,0
2019-05-16 00:00:00-04:00,111.2,0
2019-05-17 00:00:00-04:00,113.07,0
2019-05-20 00:00:00-04:00,111.97,0
2019-05-21 00:00:00-04:00,112.67,0
2019-05-22 00:00:00-04:00,112.28,0
2019-05-23 00:00:00-04:00,111.47,0
2019-05-24 00:00:00-04:00,110.84,0
2019-05-28 00:00:00-04:00,110.57,0
2019-05-29 00:00:00-04:00,110.75,0
2019-05-30 00:00:00-04:00,110.64,0
2019-05-31 00:00:00-04:00,110.33,0
2019-06-03 00:00:00-04:00,111.09,0
2019-06-04 00:00:00-04:00,106.83,0
2019-06-05 00:00:00-04:00,110.04,0
2019-06-06 00:00:00-04:00,111.11,0
2019-06-07 00:00:00-04:00,112.3,0
2019-06-10 00:00:00-04:00,115.1,0
2019-06-11 00:00:00-04:00,116.97,0
2019-06-12 00:00:00-04:00,114.59,0
2019-06-13 00:00:00-04:00,114.82,0
2019-06-14 00:00:00-04:00,115.91,0
2019-06-17 00:00:00-04:00,116.58,0
2019-06-18 00:00:00-04:00,118.6,0
2019-06-19 00:00:00-04:00,116.0,0
2019-06-20 00:00:00-04:00,118.85,0
2019-06-21 00:00:00-04:00,116.08,0
2019-06-24 00:00:00-04:00,116.51,0
2019-06-25 00:00:00-04:00,116.58,0
2019-06-26 00:00:00-04:00,115.7,0
2019-06-27 00:00:00-04:00,114.51,0
2019-06-28 00:00:00-04:00,114.24,0
2019-07-01 00:00:00-04:00,116.72,0
2019-07-02 00:00:00-04:00,115.18,0
2019-07-03 00:00:00-04:00,116.88,0
2019-07-05 00:00:00-04:00,116.54,0
2019-07-08 00:00:00-04:00,116.34,0
2019-07-09 00:00:00-04:00,116.37,0
2019-07-10 00:00:00-04:00,119.11,0
2019-07-11 00:00:00-04:00,120.17,0
2019-07-12 00:00:00-04:00,120.92,0
2019-07-15 00:00:00-04:00,120.77,0
2019-07-16 00:00:00-04:00,121.1,0
2019-07-17 00:00:00-04:00,119.65,0
2019-07-18 00:00:00-04:00,118.99,0
2019-07-19 00:00:00-04:00,120.74,0
2019-07-22 00:00:00-04:00,118.99,0
2019-07-23 00:00:00-04:00,119.42,0
2019-07-24 00:00:00-04:00,120.0,0
2019-07-25 00:00:00-04:00,116.75,0
2019-07-26 00:00:00-04:00,115.71,0
2019-07-29 00:00:00-04:00,113.5,0
2019-07-30 00:00:00-04:00,110.79,0
2019-07-31 00:00:00-04:00,112.2,0
2019-08-01 00:00:00-04:00,110.45,0
2019-08-02 00:00:00-04:00,109.47,0
2019-08-05 00:00:00-04:00,103.76,0
2019-08-06 00:00:00-04:00,105.0,0
2019-08-07 00:00:00-04:00,104.06,0
2019-08-08 00:00:00-04:00,107.35,0
2019-08-09 00:00:00-04:00,106.4,0
2019-08-12 00:00:00-04:00,104.01,0
2019-08-13 00:00:00-04:00,103.39,0
2019-08-14 00:00:00-04:00,104.17,0
2019-08-15 00:00:00-04:00,103.9,0
2019-08-16 00:00:00-04:00,106.08,0
2019-08-19 00:00:00-04:00,108.0,0
2019-08-20 00:00:00-04:00,107.91,0
2019-08-21 00:00:00-04:00,108.54,0
2019-08-22 00:00:00-04:00,110.08,0
2019-08-23 00:00:00-04:00,108.93,0
2019-08-26 00:00:00-04:00,107.11,0
2019-08-27 00:00:00-04:00,108.39,0
2019-08-28 00:00:00-04:00,106.71,0
2019-08-29 00:00:00-04:00,108.96,0
2019-08-30 00:00:00-04:00,110.13,0
2019-09-03 00:00:00-04:00,107.92,0
2019-09-04 00:00:00-04:00,107.75,0
2019-09-05 00:00:00-04:00,110.0,0
2019-09-06 00:00:00-04:00,111.66,0
2019-09-09 00:00:00-04:00,110.62,-1
2019-09-10 00:00:00-04:00,104.77,0
2019-09-11 00:00:00-04:00,104.15,0
2019-09-12 00:00:00-04:00,105.71,0
2019-09-13 00:00:00-04:00,106.66,0
2019-09-16 00:00:00-04:00,106.13,0
2019-09-17 00:00:00-04:00,106.81,0
2019-09-18 00:00:00-04:00,107.78,0
2019-09-19 00:00:00-04:00,105.64,0
2019-09-20 00:00:00-04:00,104.71,0
2019-09-23 00:00:00-04:00,104.73,0
2019-09-24 00:00:00-04:00,105.41,0
2019-09-25 00:00:00-04:00,103.34,0
2019-09-26 00:00:00-04:00,104.43,0
2019-09-27 00:00:00-04:00,104.87,0
2019-09-30 00:00:00-04:00,102.68,0
2019-10-01 00:00:00-04:00,104.0,0
2019-10-02 00:00:00-04:00,101.81,0
2019-10-03 00:00:00-04:00,99.54,0
2019-10-04 00:00:00-04:00,101.84,0
2019-10-07 00:00:00-04:00,102.11,0
2019-10-08 00:00:00-04:00,100.85,0
2019-10-09 00:00:00-04:00,99.44,0
2019-10-10 00:00:00-04:00,99.4,0
2019-10-11 00:00:00-04:00,101.78,0
2019-10-14 00:00:00-04:00,101.59,0
2019-10-15 00:00:00-04:00,102.01,0
2019-10-16 00:00:00-04:00,103.0,0
2019-10-17 00:00:00-04:00,103.89,0
2019-10-18 00:00:00-04:00,103.92,0
2019-10-21 00:00:00-04:00,102.36,0
2019-10-22 00:00:00-04:00,101.36,0
2019-10-23 00:00:00-04:00,97.42,1
2019-10-24 00:00:00-04:00,106.075,0
2019-10-25 00:00:00-04:00,104.46,0
2019-10-28 00:00:00-04:00,107.99,0
2019-10-29 00:00:00-04:00,106.84,0
2019-10-30 00:00:00-04:00,105.29,0
2019-10-31 00:00:00-04:00,106.47,0
2019-11-01 00:00:00-04:00,104.7,0
2019-11-04 00:00:00-05:00,105.72,0
2019-11-05 00:00:00-05:00,103.05,0
2019-11-06 00:00:00-05:00,101.2,0
2019-11-07 00:00:00-05:00,100.94,0
2019-11-08 00:00:00-05:00,100.025,0
2019-11-11 00:00:00-05:00,101.04,0
2019-11-12 00:00:00-05:00,102.97,0
2019-11-13 00:00:00-05:00,102.0,0
2019-11-14 00:00:00-05:00,101.87,0
2019-11-15 00:00:00-05:00,104.35,0
2019-11-18 00:00:00-05:00,103.85,0
2019-11-19 00:00:00-05:00,104.08,0
2019-11-20 00:00:00-05:00,105.22,0
2019-11-21 00:00:00-05:00,103.0,0
2019-11-22 00:00:00-05:00,102.92,0
2019-11-25 00:00:00-05:00,102.38,0
2019-11-26 00:00:00-05:00,104.8,0
2019-11-27 00:00:00-05:00,106.89,0
2019-11-29 00:00:00-05:00,107.97,0
2019-12-02 00:00:00-05:00,107.96,0
2019-12-03 00:00:00-05:00,105.0,0
2019-12-04 00:00:00-05:00,106.29,0
2019-12-05 00:00:00-05:00,105.45,0
2019-12-06 00:00:00-05:00,104.79,0
2019-12-09 00:00:00-05:00,104.6,0
2019-12-10 00:00:00-05:00,103.77,0
2019-12-11 00:00:00-05:00,103.72,0
2019-12-12 00:00:00-05:00,105.21,0
2019-12-13 00:00:00-05:00,105.83,0
2019-12-16 00:00:00-05:00,108.4,0
2019-12-17 00:00:00-05:00,109.57,0
2019-12-18 00:00:00-05:00,108.86,0
2019-12-19 00:00:00-05:00,107.8,0
2019-12-20 00:00:00-05:00,109.28,0
2019-12-23 00:00:00-05:00,109.05,0
2019-12-24 00:00:00-05:00,108.64,0
2019-12-26 00:00:00-05:00,109.13,0
2019-12-27 00:00:00-05:00,110.1665,0
2019-12-30 00:00:00-05:00,109.52,0
2019-12-31 00:00:00-05:00,107.54,0
2020-01-02 00:00:00-05:00,109.47,0
2020-01-03 00:00:00-05:00,109.49,0
2020-01-06 00:00:00-05:00,107.57,0
2020-01-07 00:00:00-05:00,111.5,0
2020-01-08 00:00:00-05:00,110.4,0
2020-01-09 00:00:00-05:00,112.99,0
2020-01-10 00:00:00-05:00,113.64,0
2020-01-13 00:00:00-05:00,113.98,0
2020-01-14 00:00:00-05:00,115.515,0
2020-01-15 00:00:00-05:00,115.14,0
2020-01-16 00:00:00-05:00,115.92,0
2020-01-17 00:00:00-05:00,116.45,0
2020-01-21 00:00:00-05:00,115.31,0
2020-01-22 00:00:00-05:00,116.73,0
2020-01-23 00:00:00-05:00,117.4,0
2020-01-24 00:00:00-05:00,118.45,0
2020-01-27 00:00:00-05:00,113.63,0
2020-01-28 00:00:00-05:00,115.83,0
2020-01-29 00:00:00-05:00,117.47,0
2020-01-30 00:00:00-05:00,112.79,0
2020-01-31 00:00:00-05:00,116.75,0
2020-02-03 00:00:00-05:00,114.3,1
2020-02-04 00:00:00-05:00,118.04,0
2020-02-05 00:00:00-05:00,121.2,0
2020-02-06 00:00:00-05:00,120.09,0
2020-02-07 00:00:00-05:00,119.6,0
2020-02-10 00:00:00-05:00,118.56,0
2020-02-11 00:00:00-05:00,120.76,0
2020-02-12 00:00:00-05:00,118.85,0
2020-02-13 00:00:00-05:00,118.04,0
2020-02-14 00:00:00-05:00,120.89,0
2020-02-18 00:00:00-05:00,122.58,0
2020-02-19 00:00:00-05:00,122.63,0
2020-02-20 00:00:00-05:00,123.86,0
2020-02-21 00:00:00-05:00,121.72,0
2020-02-24 00:00:00-05:00,114.29,0
2020-02-25 00:00:00-05:00,115.67,-1
2020-02-26 00:00:00-05:00,109.81,-1
2020-02-27 00:00:00-05:00,106.3,0
2020-02-28 00:00:00-05:00,104.26,0
2020-03-02 00:00:00-05:00,107.46,0
2020-03-03 00:00:00-05:00,112.82,0
2020-03-04 00:00:00-05:00,112.04,0
2020-03-05 00:00:00-05:00,112.03,0
2020-03-06 00:00:00-05:00,107.95,0
2020-03-09 00:00:00-04:00,102.72,0
2020-03-10 00:00:00-04:00,105.3,-1
2020-03-11 00:00:00-04:00,106.65,-1
2020-03-12 00:00:00-04:00,96.56,0
2020-03-13 00:00:00-04:00,100.52,0
2020-03-16 00:00:00-04:00,94.0,0
2020-03-17 00:00:00-04:00,94.5,0
2020-03-18 00:00:00-04:00,91.855,0
2020-03-19 00:00:00-04:00,91.56,0
2020-03-20 00:00:00-04:00,95.64,0
2020-03-23 00:00:00-04:00,86.29,1
2020-03-24 00:00:00-04:00,89.4,1
2020-03-25 00:00:00-04:00,97.43,0
2020-03-26 00:00:00-04:00,96.31,0
2020-03-27 00:00:00-04:00,97.0,0
2020-03-30 00:00:00-04:00,95.5,0
2020-03-31 00:00:00-04:00,96.38,-1
2020-04-01 00:00:00-04:00,92.72,0
2020-04-02 00:00:00-04:00,91.1,0
2020-04-03 00:00:00-04:00,92.79,0
2020-04-06 00:00:00-04:00,97.8,1
2020-04-07 00:00:00-04:00,105.255,0
2020-04-08 00:00:00-04:00,101.61,0
2020-04-09 00:00:00-04:00,105.63,0
2020-04-13 00:00:00-04:00,104.85,0
2020-04-14 00:00:00-04:00,109.0,0
2020-04-15 00:00:00-04:00,107.46,0
2020-04-16 00:00:00-04:00,109.5,0
2020-04-17 00:00:00-04:00,110.3,0
2020-04-20 00:00:00-04:00,110.9,0
2020-04-21 00:00:00-04:00,111.12,0
2020-04-22 00:00:00-04:00,110.29,1
2020-04-23 00:00:00-04:00,115.94,0
2020-04-24 00:00:00-04:00,115.47,0
2020-04-27 00:00:00-04:00,121.25,0
2020-04-28 00:00:00-04:00,121.66,0
2020-04-29 00:00:00-04:00,119.3,0
2020-04-30 00:00:00-04:00,121.35,0
2020-05-01 00:00:00-04:00,119.85,0
2020-05-04 00:00:00-04:00,121.26,0
2020-05-05 00:00:00-04:00,124.94,1
2020-05-06 00:00:00-04:00,127.05,1
2020-05-07 00:00:00-04:00,139.92,0
2020-05-08 00:00:00-04:00,143.25,0
2020-05-11 00:00:00-04:00,142.96,0
2020-05-12 00:00:00-04:00,144.0,0
2020-05-13 00:00:00-04:00,140.2,0
2020-05-14 00:00:00-04:00,142.07,0
2020-05-15 00:00:00-04:00,142.9,0
2020-05-18 00:00:00-04:00,148.125,0
2020-05-19 00:00:00-04:00,146.7497,0
2020-05-20 00:00:00-04:00,148.0,0
2020-05-21 00:00:00-04:00,150.58,0
2020-05-22 00:00:00-04:00,148.26,0
2020-05-26 00:00:00-04:00,154.12,-1
2020-05-27 00:00:00-04:00,145.48,0
2020-05-28 00:00:00-04:00,144.73,0
2020-05-29 00:00:00-04:00,150.5,0
2020-06-01 00:00:00-04:00,154.9,0
2020-06-02 00:00:00-04:00,156.0,0
2020-06-03 00:00:00-04:00,157.49,0
2020-06-04 00:00:00-04:00,156.7,0
2020-06-05 00:00:00-04:00,152.98,0
2020-06-08 00:00:00-04:00,154.28,0
